{"gamma": {"x": [-5.813753022386724, -5.704671679012629, -5.595590335638533, -5.486508992264437, -5.377427648890341, -5.2683463055162445, -5.159264962142149, -5.050183618768053, -4.941102275393957, -4.832020932019862, -4.722939588645766, -4.61385824527167, -4.504776901897574, -4.395695558523478, -4.286614215149383, -4.177532871775287, -4.068451528401191, -3.9593701850270953, -3.8502888416529992, -3.7412074982789036, -3.6321261549048076, -3.5230448115307116, -3.413963468156616, -3.30488212478252, -3.1958007814084244, -3.0867194380343284, -2.9776380946602323, -2.8685567512861367, -2.759475407912041, -2.650394064537945, -2.541312721163849, -2.4322313777897535, -2.3231500344156575, -2.214068691041562, -2.104987347667466, -1.99590600429337, -1.8868246609192743, -1.7777433175451782, -1.6686619741710826, -1.559580630796987, -1.450499287422891, -1.341417944048795, -1.232336600674699, -1.1232552573006034, -1.0141739139265078, -0.9050925705524118, -0.7960112271783157, -0.6869298838042197, -0.5778485404301241, -0.46876719705602854, -0.3596858536819325, -0.2506045103078365, -0.1415231669337409, -0.03244182355964531, 0.07663951981445072, 0.18572086318854675, 0.2948022065626428, 0.40388354993673836, 0.512964893310834, 0.62204623668493, 0.731127580059026, 0.8402089234331216, 0.9492902668072172, 1.0583716101813132, 1.1674529535554092, 1.2765342969295053, 1.3856156403036008, 1.4946969836776964, 1.6037783270517925, 1.7128596704258885, 1.821941013799984, 1.9310223571740797, 2.0401037005481757, 2.1491850439222717, 2.2582663872963673, 2.3673477306704633, 2.4764290740445594, 2.5855104174186545, 2.6945917607927505, 2.8036731041668466, 2.9127544475409426, 3.0218357909150386, 3.1309171342891338, 3.23999847766323, 3.349079821037326, 3.458161164411422, 3.567242507785518, 3.676323851159613, 3.785405194533709, 3.894486537907805, 4.003567881281901, 4.112649224655997, 4.221730568030092, 4.330811911404188, 4.439893254778284, 4.54897459815238, 4.658055941526476, 4.7671372849005715, 4.876218628274668, 4.985299971648764], "pdf": [0.00012330505303429602, 0.00016443481297317525, 0.00021806253887151397, 0.0002875709534337198, 0.0003771272213319222, 0.0004918264784390744, 0.0006378511442440973, 0.0008226449263627144, 0.00105509945986111, 0.0013457503704322814, 0.0017069782207577914, 0.0021532083139627674, 0.002701101725885299, 0.0033697282773731026, 0.004180710507629508, 0.00515832617516196, 0.006329555485209676, 0.0077240582763996105, 0.009374065886253169, 0.011314172545889754, 0.013581012013917575, 0.016212806880532487, 0.01924878066702069, 0.02272842652438047, 0.02669063104343025, 0.031172657335404984, 0.036208998049094054, 0.041830116102873495, 0.04806109845660167, 0.05492025583891824, 0.06241770852321042, 0.07055400481005648, 0.07931882422221527, 0.08868982087630686, 0.09863166433519473, 0.10909533441171752, 0.12001772279550828, 0.13132158844256056, 0.14291590460445452, 0.15469662360637096, 0.1665478720095548, 0.17834357283556249, 0.1899494747875181, 0.2012255512408147, 0.21202871484451458, 0.22221577794624103, 0.23164657561705548, 0.24018715738738217, 0.24771294673735542, 0.25411176457771756, 0.2592866137740122, 0.2631581285835886, 0.2656666019379548, 0.2667735183804636, 0.266462537652894, 0.2647398936304942, 0.2616341954212046, 0.2571956388058902, 0.2514946587233561, 0.24462007304349215, 0.2366767859769247, 0.2277831337548548, 0.2180679662752114, 0.20766756467043077, 0.19672249690542157, 0.18537451146648065, 0.1737635630842028, 0.16202505438199252, 0.1502873651756638, 0.13866972614342638, 0.12728047748982657, 0.1162157367064009, 0.10555848326731773, 0.0953780525510705, 0.08573001787762391, 0.07665642762741076, 0.06818635539615416, 0.060336714410399464, 0.05311328350452143, 0.046511890374314184, 0.04051969876685183, 0.03511654898409899, 0.030276305652792424, 0.025968172271676585, 0.022157938721683666, 0.018809134752472638, 0.01588406955189028, 0.013344744243883981, 0.011153630442770643, 0.009274313528936848, 0.007672004105506897, 0.006313924873033281, 0.005169583111550914, 0.004210941005677257, 0.003412497235269152, 0.002751293770796224, 0.002206861683114261, 0.001761119155214129, 0.0013982338965830437, 0.0011044609107183291]}, "norm": {"x": [-5.813753022386724, -5.704671679012629, -5.595590335638533, -5.486508992264437, -5.377427648890341, -5.2683463055162445, -5.159264962142149, -5.050183618768053, -4.941102275393957, -4.832020932019862, -4.722939588645766, -4.61385824527167, -4.504776901897574, -4.395695558523478, -4.286614215149383, -4.177532871775287, -4.068451528401191, -3.9593701850270953, -3.8502888416529992, -3.7412074982789036, -3.6321261549048076, -3.5230448115307116, -3.413963468156616, -3.30488212478252, -3.1958007814084244, -3.0867194380343284, -2.9776380946602323, -2.8685567512861367, -2.759475407912041, -2.650394064537945, -2.541312721163849, -2.4322313777897535, -2.3231500344156575, -2.214068691041562, -2.104987347667466, -1.99590600429337, -1.8868246609192743, -1.7777433175451782, -1.6686619741710826, -1.559580630796987, -1.450499287422891, -1.341417944048795, -1.232336600674699, -1.1232552573006034, -1.0141739139265078, -0.9050925705524118, -0.7960112271783157, -0.6869298838042197, -0.5778485404301241, -0.46876719705602854, -0.3596858536819325, -0.2506045103078365, -0.1415231669337409, -0.03244182355964531, 0.07663951981445072, 0.18572086318854675, 0.2948022065626428, 0.40388354993673836, 0.512964893310834, 0.62204623668493, 0.731127580059026, 0.8402089234331216, 0.9492902668072172, 1.0583716101813132, 1.1674529535554092, 1.2765342969295053, 1.3856156403036008, 1.4946969836776964, 1.6037783270517925, 1.7128596704258885, 1.821941013799984, 1.9310223571740797, 2.0401037005481757, 2.1491850439222717, 2.2582663872963673, 2.3673477306704633, 2.4764290740445594, 2.5855104174186545, 2.6945917607927505, 2.8036731041668466, 2.9127544475409426, 3.0218357909150386, 3.1309171342891338, 3.23999847766323, 3.349079821037326, 3.458161164411422, 3.567242507785518, 3.676323851159613, 3.785405194533709, 3.894486537907805, 4.003567881281901, 4.112649224655997, 4.221730568030092, 4.330811911404188, 4.439893254778284, 4.54897459815238, 4.658055941526476, 4.7671372849005715, 4.876218628274668, 4.985299971648764],